{
  "Naive": {
    "RMSE": 7.028159141540527,
    "MAE": 2.974477767944336,
    "MAPE": 70.37580108642578,
    "RMSLE": 0.6149081526214145
  },
  "SeasonalNaive": {
    "RMSE": 6.773686408996582,
    "MAE": 3.053734064102173,
    "MAPE": 80.88441467285156,
    "RMSLE": 0.6479811130565682
  },
  "AutoTheta": {
    "RMSE": 6.4624199867248535,
    "MAE": 2.7506163120269775,
    "MAPE": 76.40675354003906,
    "RMSLE": 0.5329570562158944
  },
  "AutoETS": {
    "RMSE": 6.459845542907715,
    "MAE": 2.7781758308410645,
    "MAPE": 80.20846557617188,
    "RMSLE": 0.5378531968366248
  },
  "LightGBM": {
    "RMSE": 7.450836245315258,
    "MAE": 2.991025242307545,
    "MAPE": 87.70939008296824,
    "RMSLE": 0.5857297610036271
  },
  "NHITS": {
    "RMSE": 7.67734956741333,
    "MAE": 3.1806414127349854,
    "MAPE": 78.02555847167969,
    "RMSLE": 0.6286771489896817
  },
  "TFT": {
    "RMSE": 6.539560317993164,
    "MAE": 2.580035448074341,
    "MAPE": 58.475738525390625,
    "RMSLE": 0.5199924369044483
  }
}